District Name,Question,Response,Week_End
Aberdeen School District,Number of child care openings available,1,28-Mar
Aberdeen School District,Number of child care openings available,15,4-Apr
Anacortes School District,Number of child care openings available,20,28-Mar
Anacortes School District,Number of child care openings available,32,4-Apr
Anacortes School District,Number of child care openings available,32,11-Apr
Anacortes School District,Number of child care openings available,32,18-Apr
Anacortes School District,Number of child care openings available,32,25-Apr
Anacortes School District,Number of child care openings available,32,2-May
Anacortes School District,Number of child care openings available,32,9-May
Anacortes School District,Number of child care openings available,24,16-May
Anacortes School District,Number of child care openings available,27,23-May
Arlington School District,Number of child care openings available,50,28-Mar
Arlington School District,Number of child care openings available,50,4-Apr
Arlington School District,Number of child care openings available,50,11-Apr
Arlington School District,Number of child care openings available,50,18-Apr
Arlington School District,Number of child care openings available,50,25-Apr
Arlington School District,Number of child care openings available,50,2-May
Arlington School District,Number of child care openings available,50,9-May
Arlington School District,Number of child care openings available,50,16-May
Asotin-Anatone School District,Number of child care openings available,7,25-Apr
Asotin-Anatone School District,Number of child care openings available,7,2-May
Asotin-Anatone School District,Number of child care openings available,7,16-May
Asotin-Anatone School District,Number of child care openings available,7,23-May
Auburn School District,Number of child care openings available,130,28-Mar
Auburn School District,Number of child care openings available,130,4-Apr
Auburn School District,Number of child care openings available,130,11-Apr
Auburn School District,Number of child care openings available,130,18-Apr
Auburn School District,Number of child care openings available,130,25-Apr
Auburn School District,Number of child care openings available,130,2-May
Auburn School District,Number of child care openings available,130,9-May
Auburn School District,Number of child care openings available,130,16-May
Battle Ground School District,Number of child care openings available,50,28-Mar
Battle Ground School District,Number of child care openings available,0,4-Apr
Battle Ground School District,Number of child care openings available,32,11-Apr
Battle Ground School District,Number of child care openings available,64,18-Apr
Battle Ground School District,Number of child care openings available,64,25-Apr
Battle Ground School District,Number of child care openings available,64,2-May
Battle Ground School District,Number of child care openings available,64,9-May
Bellevue School District,Number of child care openings available,220,28-Mar
Bellevue School District,Number of child care openings available,220,4-Apr
Bellevue School District,Number of child care openings available,220,11-Apr
Bellevue School District,Number of child care openings available,40,18-Apr
Bellevue School District,Number of child care openings available,25,25-Apr
Bellevue School District,Number of child care openings available,25,2-May
Bellevue School District,Number of child care openings available,4,9-May
Bellevue School District,Number of child care openings available,0,16-May
Bellevue School District,Number of child care openings available,0,23-May
Bellingham School District,Number of child care openings available,2,28-Mar
Bellingham School District,Number of child care openings available,45,4-Apr
Bellingham School District,Number of child care openings available,49,11-Apr
Bellingham School District,Number of child care openings available,44,18-Apr
Bellingham School District,Number of child care openings available,50,25-Apr
Bellingham School District,Number of child care openings available,48,2-May
Bellingham School District,Number of child care openings available,47,9-May
Bellingham School District,Number of child care openings available,57,16-May
Bethel School District,Number of child care openings available,150,28-Mar
Bethel School District,Number of child care openings available,100,4-Apr
Bethel School District,Number of child care openings available,100,11-Apr
Bethel School District,Number of child care openings available,100,18-Apr
Bethel School District,Number of child care openings available,100,25-Apr
Bethel School District,Number of child care openings available,100,9-May
Blaine School District,Number of child care openings available,12,28-Mar
Blaine School District,Number of child care openings available,12,4-Apr
Blaine School District,Number of child care openings available,12,11-Apr
Blaine School District,Number of child care openings available,12,18-Apr
Blaine School District,Number of child care openings available,12,25-Apr
Blaine School District,Number of child care openings available,12,2-May
Blaine School District,Number of child care openings available,12,9-May
Blaine School District,Number of child care openings available,12,16-May
Blaine School District,Number of child care openings available,12,23-May
Bremerton School District,Number of child care openings available,50,4-Apr
Bremerton School District,Number of child care openings available,75,11-Apr
Bremerton School District,Number of child care openings available,50,18-Apr
Brewster School District,Number of child care openings available,15,4-Apr
Brewster School District,Number of child care openings available,10,11-Apr
Brewster School District,Number of child care openings available,10,25-Apr
Brewster School District,Number of child care openings available,10,2-May
Brewster School District,Number of child care openings available,10,9-May
Brewster School District,Number of child care openings available,10,23-May
Bridgeport School District,Number of child care openings available,1,28-Mar
Bridgeport School District,Number of child care openings available,10,4-Apr
Bridgeport School District,Number of child care openings available,1,11-Apr
Brinnon School District,Number of child care openings available,9,28-Mar
Burlington-Edison School District,Number of child care openings available,40,11-Apr
Burlington-Edison School District,Number of child care openings available,40,18-Apr
Burlington-Edison School District,Number of child care openings available,40,25-Apr
Burlington-Edison School District,Number of child care openings available,40,2-May
Burlington-Edison School District,Number of child care openings available,40,9-May
Burlington-Edison School District,Number of child care openings available,40,16-May
Camas School District,Number of child care openings available,50,4-Apr
Camas School District,Number of child care openings available,50,11-Apr
Camas School District,Number of child care openings available,50,18-Apr
Camas School District,Number of child care openings available,50,25-Apr
Camas School District,Number of child care openings available,50,2-May
Camas School District,Number of child care openings available,50,9-May
Camas School District,Number of child care openings available,50,16-May
Camas School District,Number of child care openings available,50,23-May
Carbonado School District,Number of child care openings available,1,28-Mar
Carbonado School District,Number of child care openings available,20,4-Apr
Carbonado School District,Number of child care openings available,10,11-Apr
Carbonado School District,Number of child care openings available,20,18-Apr
Carbonado School District,Number of child care openings available,10,25-Apr
Carbonado School District,Number of child care openings available,20,2-May
Carbonado School District,Number of child care openings available,10,9-May
Carbonado School District,Number of child care openings available,10,16-May
Carbonado School District,Number of child care openings available,10,23-May
Cascade School District,Number of child care openings available,18,28-Mar
Cascade School District,Number of child care openings available,18,4-Apr
Cascade School District,Number of child care openings available,18,11-Apr
Cascade School District,Number of child care openings available,18,18-Apr
Cascade School District,Number of child care openings available,18,25-Apr
Cascade School District,Number of child care openings available,18,2-May
Cascade School District,Number of child care openings available,18,9-May
Cascade School District,Number of child care openings available,18,16-May
Cascade School District,Number of child care openings available,18,23-May
CASHMERE SCHOOL DISTRICT,Number of child care openings available,20,28-Mar
CASHMERE SCHOOL DISTRICT,Number of child care openings available,15,4-Apr
CASHMERE SCHOOL DISTRICT,Number of child care openings available,15,11-Apr
CASHMERE SCHOOL DISTRICT,Number of child care openings available,15,18-Apr
CASHMERE SCHOOL DISTRICT,Number of child care openings available,15,25-Apr
CASHMERE SCHOOL DISTRICT,Number of child care openings available,15,2-May
CASHMERE SCHOOL DISTRICT,Number of child care openings available,15,9-May
CASHMERE SCHOOL DISTRICT,Number of child care openings available,15,16-May
CASHMERE SCHOOL DISTRICT,Number of child care openings available,15,23-May
Central Kitsap School District,Number of child care openings available,180,28-Mar
Central Kitsap School District,Number of child care openings available,180,4-Apr
Central Kitsap School District,Number of child care openings available,180,11-Apr
Central Kitsap School District,Number of child care openings available,180,18-Apr
Central Kitsap School District,Number of child care openings available,180,25-Apr
Central Kitsap School District,Number of child care openings available,135,2-May
Central Kitsap School District,Number of child care openings available,150,9-May
Central Kitsap School District,Number of child care openings available,150,16-May
Central Valley School District,Number of child care openings available,2,28-Mar
Central Valley School District,Number of child care openings available,2,4-Apr
Central Valley School District,Number of child care openings available,2,11-Apr
Central Valley School District,Number of child care openings available,2,18-Apr
Central Valley School District,Number of child care openings available,2,25-Apr
Central Valley School District,Number of child care openings available,2,2-May
Central Valley School District,Number of child care openings available,2,9-May
Central Valley School District,Number of child care openings available,2,16-May
Central Valley School District,Number of child care openings available,2,23-May
Cheney School District,Number of child care openings available,32,28-Mar
Cheney School District,Number of child care openings available,32,4-Apr
Cheney School District,Number of child care openings available,24,11-Apr
Cheney School District,Number of child care openings available,24,18-Apr
Cheney School District,Number of child care openings available,24,25-Apr
Cheney School District,Number of child care openings available,24,2-May
Cheney School District,Number of child care openings available,24,9-May
Cheney School District,Number of child care openings available,24,16-May
Chewelah School District,Number of child care openings available,15,18-Apr
Chewelah School District,Number of child care openings available,15,25-Apr
Chewelah School District,Number of child care openings available,15,9-May
Chewelah School District,Number of child care openings available,15,16-May
Chief Leschi Schools,Number of child care openings available,0,16-May
Chief Leschi Schools,Number of child care openings available,0,23-May
Clarkston School District,Number of child care openings available,50,28-Mar
Cle Elum-Roslyn School District,Number of child care openings available,5,18-Apr
Cle Elum-Roslyn School District,Number of child care openings available,3,9-May
Cle Elum-Roslyn School District,Number of child care openings available,3,16-May
Clover Park School District,Number of child care openings available,80,28-Mar
Clover Park School District,Number of child care openings available,80,4-Apr
Clover Park School District,Number of child care openings available,80,11-Apr
Clover Park School District,Number of child care openings available,80,18-Apr
Clover Park School District,Number of child care openings available,80,25-Apr
Clover Park School District,Number of child care openings available,80,2-May
Clover Park School District,Number of child care openings available,80,9-May
Clover Park School District,Number of child care openings available,80,16-May
Clover Park School District,Number of child care openings available,80,23-May
College Place School District,Number of child care openings available,44,28-Mar
College Place School District,Number of child care openings available,44,4-Apr
College Place School District,Number of child care openings available,44,18-Apr
College Place School District,Number of child care openings available,44,25-Apr
College Place School District,Number of child care openings available,44,2-May
College Place School District,Number of child care openings available,44,9-May
College Place School District,Number of child care openings available,44,16-May
College Place School District,Number of child care openings available,44,23-May
Colton School District,Number of child care openings available,10,4-Apr
Colton School District,Number of child care openings available,20,11-Apr
Colton School District,Number of child care openings available,20,18-Apr
Colton School District,Number of child care openings available,20,25-Apr
Colton School District,Number of child care openings available,20,2-May
Columbia (WallaWalla) School Dis..,Number of child care openings available,20,28-Mar
Columbia (WallaWalla) School Dis..,Number of child care openings available,20,11-Apr
Conway School District,Number of child care openings available,20,4-Apr
Conway School District,Number of child care openings available,20,11-Apr
Conway School District,Number of child care openings available,20,18-Apr
Conway School District,Number of child care openings available,20,25-Apr
Conway School District,Number of child care openings available,20,2-May
Conway School District,Number of child care openings available,20,9-May
Conway School District,Number of child care openings available,20,16-May
Conway School District,Number of child care openings available,20,23-May
Cosmopolis School District,Number of child care openings available,1,28-Mar
Cosmopolis School District,Number of child care openings available,1,4-Apr
Cosmopolis School District,Number of child care openings available,1,11-Apr
Cosmopolis School District,Number of child care openings available,1,18-Apr
Cosmopolis School District,Number of child care openings available,1,25-Apr
Cosmopolis School District,Number of child care openings available,1,2-May
Cosmopolis School District,Number of child care openings available,1,16-May
Cosmopolis School District,Number of child care openings available,1,23-May
Coupeville School District,Number of child care openings available,15,28-Mar
Coupeville School District,Number of child care openings available,20,4-Apr
Coupeville School District,Number of child care openings available,5,11-Apr
Coupeville School District,Number of child care openings available,5,18-Apr
Coupeville School District,Number of child care openings available,5,25-Apr
Coupeville School District,Number of child care openings available,5,2-May
Coupeville School District,Number of child care openings available,5,9-May
Coupeville School District,Number of child care openings available,5,16-May
Coupeville School District,Number of child care openings available,5,23-May
Curlew School District,Number of child care openings available,6,28-Mar
Curlew School District,Number of child care openings available,6,4-Apr
Curlew School District,Number of child care openings available,6,11-Apr
Curlew School District,Number of child care openings available,6,18-Apr
Curlew School District,Number of child care openings available,6,25-Apr
Curlew School District,Number of child care openings available,6,2-May
Curlew School District,Number of child care openings available,6,9-May
Curlew School District,Number of child care openings available,6,16-May
Curlew School District,Number of child care openings available,6,23-May
Darrington School District,Number of child care openings available,3,11-Apr
Davenport School District,Number of child care openings available,9,28-Mar
Davenport School District,Number of child care openings available,3,4-Apr
Davenport School District,Number of child care openings available,3,18-Apr
Davenport School District,Number of child care openings available,7,25-Apr
Davenport School District,Number of child care openings available,7,2-May
Davenport School District,Number of child care openings available,7,9-May
Davenport School District,Number of child care openings available,7,16-May
Dayton School District,Number of child care openings available,12,4-Apr
Dayton School District,Number of child care openings available,12,11-Apr
Dayton School District,Number of child care openings available,12,18-Apr
Dayton School District,Number of child care openings available,12,25-Apr
Dayton School District,Number of child care openings available,12,9-May
Dayton School District,Number of child care openings available,12,16-May
Dayton School District,Number of child care openings available,12,23-May
Deer Park School District,Number of child care openings available,25,28-Mar
Deer Park School District,Number of child care openings available,25,18-Apr
Dieringer School District,Number of child care openings available,12,28-Mar
Dieringer School District,Number of child care openings available,12,4-Apr
Dieringer School District,Number of child care openings available,12,11-Apr
Dieringer School District,Number of child care openings available,12,18-Apr
Dieringer School District,Number of child care openings available,12,25-Apr
Dieringer School District,Number of child care openings available,12,2-May
Dieringer School District,Number of child care openings available,12,9-May
Dieringer School District,Number of child care openings available,12,16-May
Dieringer School District,Number of child care openings available,12,23-May
East Valley School District (Spoka..,Number of child care openings available,24,4-Apr
East Valley School District (Spoka..,Number of child care openings available,24,11-Apr
East Valley School District (Spoka..,Number of child care openings available,24,18-Apr
East Valley School District (Spoka..,Number of child care openings available,24,25-Apr
East Valley School District (Spoka..,Number of child care openings available,24,2-May
East Valley School District (Spoka..,Number of child care openings available,24,9-May
East Valley School District (Spoka..,Number of child care openings available,24,16-May
East Valley School District (Spoka..,Number of child care openings available,24,23-May
Eastmont School District,Number of child care openings available,50,28-Mar
Eastmont School District,Number of child care openings available,50,4-Apr
Eastmont School District,Number of child care openings available,50,11-Apr
Eastmont School District,Number of child care openings available,50,18-Apr
Eastmont School District,Number of child care openings available,50,25-Apr
Eastmont School District,Number of child care openings available,50,2-May
Eastmont School District,Number of child care openings available,50,9-May
Eastmont School District,Number of child care openings available,50,16-May
Edmonds School District,Number of child care openings available,90,28-Mar
Edmonds School District,Number of child care openings available,90,4-Apr
Edmonds School District,Number of child care openings available,90,11-Apr
Edmonds School District,Number of child care openings available,90,18-Apr
Edmonds School District,Number of child care openings available,90,25-Apr
Edmonds School District,Number of child care openings available,90,2-May
Edmonds School District,Number of child care openings available,90,9-May
Edmonds School District,Number of child care openings available,90,16-May
Edmonds School District,Number of child care openings available,90,23-May
Ellensburg School District,Number of child care openings available,25,4-Apr
Ellensburg School District,Number of child care openings available,20,11-Apr
Ellensburg School District,Number of child care openings available,20,18-Apr
Enumclaw School District,Number of child care openings available,20,4-Apr
Enumclaw School District,Number of child care openings available,20,11-Apr
Enumclaw School District,Number of child care openings available,20,18-Apr
Enumclaw School District,Number of child care openings available,20,25-Apr
Enumclaw School District,Number of child care openings available,20,2-May
Enumclaw School District,Number of child care openings available,20,9-May
Enumclaw School District,Number of child care openings available,20,16-May
Enumclaw School District,Number of child care openings available,20,23-May
Ephrata School District,Number of child care openings available,20,4-Apr
Ephrata School District,Number of child care openings available,20,11-Apr
Ephrata School District,Number of child care openings available,20,18-Apr
Ephrata School District,Number of child care openings available,20,25-Apr
Ephrata School District,Number of child care openings available,20,2-May
Ephrata School District,Number of child care openings available,20,9-May
Ephrata School District,Number of child care openings available,20,16-May
Ephrata School District,Number of child care openings available,20,23-May
Everett School District,Number of child care openings available,100,28-Mar
Everett School District,Number of child care openings available,80,4-Apr
Everett School District,Number of child care openings available,80,11-Apr
Everett School District,Number of child care openings available,80,18-Apr
Everett School District,Number of child care openings available,80,25-Apr
Everett School District,Number of child care openings available,80,2-May
Everett School District,Number of child care openings available,80,9-May
Everett School District,Number of child care openings available,80,16-May
Everett School District,Number of child care openings available,80,23-May
Evergreen School District (Clark),Number of child care openings available,200,28-Mar
Federal Way School District,Number of child care openings available,180,28-Mar
Federal Way School District,Number of child care openings available,120,4-Apr
Federal Way School District,Number of child care openings available,30,11-Apr
Federal Way School District,Number of child care openings available,30,18-Apr
Federal Way School District,Number of child care openings available,30,25-Apr
Federal Way School District,Number of child care openings available,30,2-May
Federal Way School District,Number of child care openings available,20,9-May
Federal Way School District,Number of child care openings available,20,16-May
Ferndale School District,Number of child care openings available,10,11-Apr
Ferndale School District,Number of child care openings available,10,18-Apr
Ferndale School District,Number of child care openings available,10,25-Apr
Ferndale School District,Number of child care openings available,10,2-May
Ferndale School District,Number of child care openings available,20,23-May
Fife School District,Number of child care openings available,45,28-Mar
Fife School District,Number of child care openings available,45,4-Apr
Fife School District,Number of child care openings available,40,11-Apr
Fife School District,Number of child care openings available,45,18-Apr
Fife School District,Number of child care openings available,45,25-Apr
Fife School District,Number of child care openings available,45,2-May
Fife School District,Number of child care openings available,45,9-May
Fife School District,Number of child care openings available,45,16-May
Fife School District,Number of child care openings available,45,23-May
Franklin Pierce School District,Number of child care openings available,100,28-Mar
Franklin Pierce School District,Number of child care openings available,100,4-Apr
Franklin Pierce School District,Number of child care openings available,100,11-Apr
Franklin Pierce School District,Number of child care openings available,100,18-Apr
Franklin Pierce School District,Number of child care openings available,100,25-Apr
Franklin Pierce School District,Number of child care openings available,100,2-May
Franklin Pierce School District,Number of child care openings available,100,9-May
Franklin Pierce School District,Number of child care openings available,100,16-May
Freeman School District,Number of child care openings available,1,28-Mar
Freeman School District,Number of child care openings available,40,4-Apr
Freeman School District,Number of child care openings available,40,11-Apr
Freeman School District,Number of child care openings available,40,18-Apr
Freeman School District,Number of child care openings available,40,25-Apr
Freeman School District,Number of child care openings available,40,16-May
Freeman School District,Number of child care openings available,40,23-May
Goldendale School District,Number of child care openings available,10,28-Mar
Goldendale School District,Number of child care openings available,6,4-Apr
Goldendale School District,Number of child care openings available,6,11-Apr
Goldendale School District,Number of child care openings available,6,18-Apr
Goldendale School District,Number of child care openings available,12,25-Apr
Goldendale School District,Number of child care openings available,16,9-May
Grand Coulee Dam School District,Number of child care openings available,18,28-Mar
Grand Coulee Dam School District,Number of child care openings available,18,4-Apr
Grand Coulee Dam School District,Number of child care openings available,18,11-Apr
Grand Coulee Dam School District,Number of child care openings available,18,18-Apr
Grand Coulee Dam School District,Number of child care openings available,18,25-Apr
Grand Coulee Dam School District,Number of child care openings available,18,2-May
Grand Coulee Dam School District,Number of child care openings available,18,9-May
Grand Coulee Dam School District,Number of child care openings available,18,16-May
Grand Coulee Dam School District,Number of child care openings available,18,23-May
Grandview School District,Number of child care openings available,20,28-Mar
Grandview School District,Number of child care openings available,15,11-Apr
Grandview School District,Number of child care openings available,15,18-Apr
Grandview School District,Number of child care openings available,15,25-Apr
Grandview School District,Number of child care openings available,15,2-May
Grandview School District,Number of child care openings available,15,9-May
Grandview School District,Number of child care openings available,15,16-May
Grandview School District,Number of child care openings available,15,23-May
Highline School District,Number of child care openings available,80,28-Mar
Highline School District,Number of child care openings available,80,4-Apr
Highline School District,Number of child care openings available,80,11-Apr
Highline School District,Number of child care openings available,80,18-Apr
Issaquah School District,Number of child care openings available,80,4-Apr
Issaquah School District,Number of child care openings available,100,11-Apr
Issaquah School District,Number of child care openings available,125,18-Apr
Issaquah School District,Number of child care openings available,125,25-Apr
Issaquah School District,Number of child care openings available,125,2-May
Issaquah School District,Number of child care openings available,125,9-May
Issaquah School District,Number of child care openings available,125,16-May
Issaquah School District,Number of child care openings available,125,23-May
Kalama School District,Number of child care openings available,1,4-Apr
Kalama School District,Number of child care openings available,1,11-Apr
Kalama School District,Number of child care openings available,1,18-Apr
Kalama School District,Number of child care openings available,1,25-Apr
Kalama School District,Number of child care openings available,1,2-May
Kalama School District,Number of child care openings available,1,9-May
Kalama School District,Number of child care openings available,1,16-May
Kalama School District,Number of child care openings available,1,23-May
Kennewick School District,Number of child care openings available,180,28-Mar
Kennewick School District,Number of child care openings available,180,4-Apr
Kennewick School District,Number of child care openings available,135,11-Apr
Kennewick School District,Number of child care openings available,135,18-Apr
Kennewick School District,Number of child care openings available,135,25-Apr
Kennewick School District,Number of child care openings available,135,2-May
Kennewick School District,Number of child care openings available,135,9-May
Kennewick School District,Number of child care openings available,135,16-May
Kent School District,Number of child care openings available,132,4-Apr
Kent School District,Number of child care openings available,132,11-Apr
Kent School District,Number of child care openings available,132,18-Apr
Kent School District,Number of child care openings available,132,25-Apr
Kent School District,Number of child care openings available,114,2-May
Kent School District,Number of child care openings available,132,9-May
Kent School District,Number of child care openings available,132,16-May
Kent School District,Number of child care openings available,96,23-May
Kettle Falls School District,Number of child care openings available,15,4-Apr
Kettle Falls School District,Number of child care openings available,15,11-Apr
Kettle Falls School District,Number of child care openings available,15,18-Apr
Kittitas School District,Number of child care openings available,18,28-Mar
Kittitas School District,Number of child care openings available,15,4-Apr
Kittitas School District,Number of child care openings available,18,11-Apr
Kittitas School District,Number of child care openings available,0,25-Apr
Kittitas School District,Number of child care openings available,0,2-May
Kittitas School District,Number of child care openings available,0,9-May
Kittitas School District,Number of child care openings available,10,16-May
Kittitas School District,Number of child care openings available,10,23-May
LaCrosse School District,Number of child care openings available,1,28-Mar
LaCrosse School District,Number of child care openings available,5,4-Apr
LaCrosse School District,Number of child care openings available,4,11-Apr
LaCrosse School District,Number of child care openings available,4,18-Apr
LaCrosse School District,Number of child care openings available,4,25-Apr
LaCrosse School District,Number of child care openings available,4,9-May
LaCrosse School District,Number of child care openings available,2,16-May
Lake Chelan School District,Number of child care openings available,15,11-Apr
Lake Chelan School District,Number of child care openings available,15,18-Apr
Lake Chelan School District,Number of child care openings available,15,25-Apr
Lake Chelan School District,Number of child care openings available,14,2-May
Lake Chelan School District,Number of child care openings available,15,9-May
Lakewood School District,Number of child care openings available,30,11-Apr
Lakewood School District,Number of child care openings available,30,18-Apr
Lakewood School District,Number of child care openings available,30,25-Apr
Lakewood School District,Number of child care openings available,30,2-May
Lakewood School District,Number of child care openings available,30,9-May
Lakewood School District,Number of child care openings available,30,16-May
Lakewood School District,Number of child care openings available,30,23-May
Lamont School District,Number of child care openings available,8,18-Apr
Lamont School District,Number of child care openings available,8,25-Apr
Lamont School District,Number of child care openings available,8,9-May
Lamont School District,Number of child care openings available,8,16-May
Lind School District,Number of child care openings available,10,28-Mar
Lind School District,Number of child care openings available,10,4-Apr
Lind School District,Number of child care openings available,18,16-May
Lind School District,Number of child care openings available,18,23-May
Lynden School District,Number of child care openings available,20,4-Apr
Lynden School District,Number of child care openings available,20,11-Apr
Lynden School District,Number of child care openings available,20,25-Apr
Lynden School District,Number of child care openings available,20,2-May
Lynden School District,Number of child care openings available,20,9-May
Lynden School District,Number of child care openings available,20,16-May
Lynden School District,Number of child care openings available,20,23-May
Mabton School District,Number of child care openings available,28,28-Mar
Mabton School District,Number of child care openings available,25,4-Apr
Mabton School District,Number of child care openings available,25,11-Apr
Mabton School District,Number of child care openings available,25,18-Apr
Mabton School District,Number of child care openings available,25,2-May
Mabton School District,Number of child care openings available,25,9-May
Mabton School District,Number of child care openings available,25,16-May
Mabton School District,Number of child care openings available,25,23-May
Marysville School District,Number of child care openings available,90,28-Mar
Marysville School District,Number of child care openings available,90,4-Apr
Marysville School District,Number of child care openings available,3,11-Apr
Mead School District,Number of child care openings available,60,11-Apr
Mead School District,Number of child care openings available,50,18-Apr
Mead School District,Number of child care openings available,60,2-May
Mead School District,Number of child care openings available,60,9-May
Mead School District,Number of child care openings available,60,16-May
Medical Lake School District,Number of child care openings available,14,28-Mar
Medical Lake School District,Number of child care openings available,11,11-Apr
Medical Lake School District,Number of child care openings available,11,18-Apr
Medical Lake School District,Number of child care openings available,11,25-Apr
Medical Lake School District,Number of child care openings available,11,2-May
Medical Lake School District,Number of child care openings available,11,9-May
Medical Lake School District,Number of child care openings available,11,16-May
Medical Lake School District,Number of child care openings available,11,23-May
Mercer Island School District,Number of child care openings available,25,28-Mar
Mercer Island School District,Number of child care openings available,20,2-May
Mercer Island School District,Number of child care openings available,50,16-May
Mercer Island School District,Number of child care openings available,1,23-May
Meridian School District,Number of child care openings available,1,9-May
Meridian School District,Number of child care openings available,20,16-May
Meridian School District,Number of child care openings available,20,23-May
Methow Valley School District,Number of child care openings available,1,28-Mar
Methow Valley School District,Number of child care openings available,20,4-Apr
Methow Valley School District,Number of child care openings available,10,11-Apr
Methow Valley School District,Number of child care openings available,10,18-Apr
Methow Valley School District,Number of child care openings available,10,25-Apr
Methow Valley School District,Number of child care openings available,10,2-May
Methow Valley School District,Number of child care openings available,10,9-May
Methow Valley School District,Number of child care openings available,10,16-May
Monroe School District,Number of child care openings available,35,11-Apr
Montesano School District,Number of child care openings available,25,28-Mar
Montesano School District,Number of child care openings available,25,4-Apr
Montesano School District,Number of child care openings available,25,11-Apr
Montesano School District,Number of child care openings available,25,18-Apr
Montesano School District,Number of child care openings available,25,25-Apr
Montesano School District,Number of child care openings available,25,2-May
Montesano School District,Number of child care openings available,25,9-May
Montesano School District,Number of child care openings available,25,16-May
Montesano School District,Number of child care openings available,25,23-May
Morton School District,Number of child care openings available,15,4-Apr
Morton School District,Number of child care openings available,12,18-Apr
Morton School District,Number of child care openings available,12,25-Apr
Morton School District,Number of child care openings available,12,2-May
Morton School District,Number of child care openings available,12,9-May
Morton School District,Number of child care openings available,12,16-May
Morton School District,Number of child care openings available,12,23-May
Moses Lake School District,Number of child care openings available,60,18-Apr
Moses Lake School District,Number of child care openings available,60,25-Apr
Moses Lake School District,Number of child care openings available,65,23-May
Mossyrock School District,Number of child care openings available,10,11-Apr
Mossyrock School District,Number of child care openings available,10,18-Apr
Mossyrock School District,Number of child care openings available,10,25-Apr
Mossyrock School District,Number of child care openings available,10,2-May
Mossyrock School District,Number of child care openings available,10,9-May
Mossyrock School District,Number of child care openings available,10,16-May
Mossyrock School District,Number of child care openings available,10,23-May
Mount Vernon School District,Number of child care openings available,50,28-Mar
Mount Vernon School District,Number of child care openings available,35,4-Apr
Mount Vernon School District,Number of child care openings available,35,11-Apr
Mount Vernon School District,Number of child care openings available,35,18-Apr
Mount Vernon School District,Number of child care openings available,35,25-Apr
Mount Vernon School District,Number of child care openings available,35,2-May
Mount Vernon School District,Number of child care openings available,35,9-May
Mount Vernon School District,Number of child care openings available,35,16-May
Mount Vernon School District,Number of child care openings available,35,23-May
Newport School District,Number of child care openings available,25,28-Mar
Newport School District,Number of child care openings available,25,4-Apr
Newport School District,Number of child care openings available,25,11-Apr
Newport School District,Number of child care openings available,25,18-Apr
Newport School District,Number of child care openings available,25,25-Apr
Newport School District,Number of child care openings available,25,2-May
Newport School District,Number of child care openings available,25,9-May
Newport School District,Number of child care openings available,25,16-May
Newport School District,Number of child care openings available,25,23-May
NineMile Falls School District,Number of child care openings available,1,28-Mar
NineMile Falls School District,Number of child care openings available,8,11-Apr
NineMile Falls School District,Number of child care openings available,8,18-Apr
NineMile Falls School District,Number of child care openings available,8,25-Apr
NineMile Falls School District,Number of child care openings available,8,2-May
NineMile Falls School District,Number of child care openings available,8,9-May
NineMile Falls School District,Number of child care openings available,8,16-May
NineMile Falls School District,Number of child care openings available,8,23-May
North Beach School District,Number of child care openings available,10,28-Mar
North Beach School District,Number of child care openings available,10,4-Apr
North Beach School District,Number of child care openings available,10,11-Apr
North Beach School District,Number of child care openings available,10,18-Apr
North Beach School District,Number of child care openings available,10,25-Apr
North Beach School District,Number of child care openings available,10,2-May
North Beach School District,Number of child care openings available,10,9-May
North Beach School District,Number of child care openings available,10,16-May
North Beach School District,Number of child care openings available,10,23-May
North Kitsap School District,Number of child care openings available,10,28-Mar
North Kitsap School District,Number of child care openings available,20,4-Apr
North Kitsap School District,Number of child care openings available,20,25-Apr
North Kitsap School District,Number of child care openings available,20,2-May
North Kitsap School District,Number of child care openings available,20,9-May
North Kitsap School District,Number of child care openings available,50,23-May
NorthMason School District,Number of child care openings available,36,28-Mar
NorthMason School District,Number of child care openings available,33,4-Apr
NorthMason School District,Number of child care openings available,35,11-Apr
NorthMason School District,Number of child care openings available,35,18-Apr
NorthMason School District,Number of child care openings available,35,25-Apr
NorthMason School District,Number of child care openings available,35,2-May
NorthMason School District,Number of child care openings available,35,9-May
NorthMason School District,Number of child care openings available,35,16-May
NorthMason School District,Number of child care openings available,35,23-May
Northshore School District,Number of child care openings available,107,18-Apr
Oak Harbor School District,Number of child care openings available,40,4-Apr
Oak Harbor School District,Number of child care openings available,40,18-Apr
Oak Harbor School District,Number of child care openings available,40,25-Apr
Oak Harbor School District,Number of child care openings available,40,2-May
Oak Harbor School District,Number of child care openings available,40,9-May
Oak Harbor School District,Number of child care openings available,40,16-May
Oak Harbor School District,Number of child care openings available,40,23-May
Ocean Beach School District,Number of child care openings available,8,28-Mar
Ocean Beach School District,Number of child care openings available,12,4-Apr
Ocean Beach School District,Number of child care openings available,12,11-Apr
Ocean Beach School District,Number of child care openings available,12,18-Apr
Ocean Beach School District,Number of child care openings available,12,25-Apr
Ocean Beach School District,Number of child care openings available,12,2-May
Ocean Beach School District,Number of child care openings available,12,9-May
Ocean Beach School District,Number of child care openings available,12,16-May
Odessa School District,Number of child care openings available,9,28-Mar
Odessa School District,Number of child care openings available,1,4-Apr
Odessa School District,Number of child care openings available,10,18-Apr
Odessa School District,Number of child care openings available,1,25-Apr
Odessa School District,Number of child care openings available,10,2-May
Odessa School District,Number of child care openings available,10,9-May
Odessa School District,Number of child care openings available,10,16-May
Odessa School District,Number of child care openings available,10,23-May
Okanogan School District,Number of child care openings available,8,28-Mar
Okanogan School District,Number of child care openings available,8,4-Apr
Okanogan School District,Number of child care openings available,8,11-Apr
Okanogan School District,Number of child care openings available,8,25-Apr
Okanogan School District,Number of child care openings available,8,9-May
Okanogan School District,Number of child care openings available,8,16-May
Olympia School District,Number of child care openings available,200,28-Mar
Olympia School District,Number of child care openings available,150,4-Apr
Olympia School District,Number of child care openings available,145,11-Apr
Olympia School District,Number of child care openings available,145,18-Apr
Olympia School District,Number of child care openings available,145,25-Apr
Olympia School District,Number of child care openings available,145,2-May
Olympia School District,Number of child care openings available,145,16-May
Omak School District,Number of child care openings available,24,28-Mar
Omak School District,Number of child care openings available,24,4-Apr
Omak School District,Number of child care openings available,24,11-Apr
Omak School District,Number of child care openings available,24,18-Apr
Omak School District,Number of child care openings available,24,25-Apr
Omak School District,Number of child care openings available,24,2-May
Omak School District,Number of child care openings available,24,9-May
Omak School District,Number of child care openings available,24,23-May
Orondo School District,Number of child care openings available,12,4-Apr
Orondo School District,Number of child care openings available,12,11-Apr
Orondo School District,Number of child care openings available,12,18-Apr
Orondo School District,Number of child care openings available,12,25-Apr
Orondo School District,Number of child care openings available,12,2-May
Orondo School District,Number of child care openings available,12,9-May
Orondo School District,Number of child care openings available,12,16-May
Orondo School District,Number of child care openings available,12,23-May
Orting School District,Number of child care openings available,16,28-Mar
Orting School District,Number of child care openings available,16,4-Apr
Orting School District,Number of child care openings available,16,11-Apr
Orting School District,Number of child care openings available,16,25-Apr
Orting School District,Number of child care openings available,16,2-May
Orting School District,Number of child care openings available,16,9-May
Orting School District,Number of child care openings available,16,16-May
Othello School District,Number of child care openings available,30,4-Apr
Othello School District,Number of child care openings available,40,25-Apr
Othello School District,Number of child care openings available,40,2-May
Othello School District,Number of child care openings available,40,9-May
Othello School District,Number of child care openings available,40,16-May
Pasco School District,Number of child care openings available,20,28-Mar
Pasco School District,Number of child care openings available,20,4-Apr
Pasco School District,Number of child care openings available,20,11-Apr
Pasco School District,Number of child care openings available,20,2-May
Pasco School District,Number of child care openings available,20,9-May
Pasco School District,Number of child care openings available,20,16-May
Pateros School District,Number of child care openings available,10,11-Apr
Pateros School District,Number of child care openings available,10,18-Apr
Pateros School District,Number of child care openings available,10,25-Apr
Pateros School District,Number of child care openings available,10,2-May
Pateros School District,Number of child care openings available,10,9-May
Pateros School District,Number of child care openings available,10,16-May
Pateros School District,Number of child care openings available,10,23-May
Peninsula School District,Number of child care openings available,100,28-Mar
Peninsula School District,Number of child care openings available,50,4-Apr
Peninsula School District,Number of child care openings available,75,11-Apr
Peninsula School District,Number of child care openings available,75,18-Apr
Peninsula School District,Number of child care openings available,75,25-Apr
Peninsula School District,Number of child care openings available,75,2-May
Peninsula School District,Number of child care openings available,75,9-May
Peninsula School District,Number of child care openings available,75,16-May
Port Townsend School District,Number of child care openings available,40,28-Mar
Port Townsend School District,Number of child care openings available,16,4-Apr
Port Townsend School District,Number of child care openings available,16,11-Apr
Port Townsend School District,Number of child care openings available,16,18-Apr
Port Townsend School District,Number of child care openings available,16,25-Apr
Port Townsend School District,Number of child care openings available,16,2-May
Port Townsend School District,Number of child care openings available,16,9-May
Port Townsend School District,Number of child care openings available,24,16-May
Port Townsend School District,Number of child care openings available,16,23-May
Pullman School District,Number of child care openings available,20,25-Apr
Pullman School District,Number of child care openings available,20,2-May
Pullman School District,Number of child care openings available,20,9-May
Pullman School District,Number of child care openings available,20,16-May
Pullman School District,Number of child care openings available,20,23-May
Puyallup School District,Number of child care openings available,22,28-Mar
Puyallup School District,Number of child care openings available,2640,11-Apr
Puyallup School District,Number of child care openings available,2640,18-Apr
Puyallup School District,Number of child care openings available,2640,25-Apr
Puyallup School District,Number of child care openings available,2640,2-May
Puyallup School District,Number of child care openings available,2640,9-May
Puyallup School District,Number of child care openings available,2640,16-May
Quilcene School District,Number of child care openings available,20,28-Mar
Quilcene School District,Number of child care openings available,20,4-Apr
Quilcene School District,Number of child care openings available,20,11-Apr
Quilcene School District,Number of child care openings available,20,18-Apr
Quilcene School District,Number of child care openings available,20,25-Apr
Quilcene School District,Number of child care openings available,20,2-May
Quilcene School District,Number of child care openings available,20,9-May
Quilcene School District,Number of child care openings available,20,16-May
Quilcene School District,Number of child care openings available,20,23-May
Quincy School District,Number of child care openings available,13,28-Mar
Quincy School District,Number of child care openings available,10,4-Apr
Quincy School District,Number of child care openings available,10,11-Apr
Quincy School District,Number of child care openings available,10,18-Apr
Quincy School District,Number of child care openings available,10,25-Apr
Quincy School District,Number of child care openings available,10,2-May
Quincy School District,Number of child care openings available,10,9-May
Quincy School District,Number of child care openings available,10,16-May
Reardan-Edwall School District,Number of child care openings available,10,28-Mar
Reardan-Edwall School District,Number of child care openings available,10,18-Apr
Reardan-Edwall School District,Number of child care openings available,10,25-Apr
Reardan-Edwall School District,Number of child care openings available,10,2-May
Reardan-Edwall School District,Number of child care openings available,10,9-May
Reardan-Edwall School District,Number of child care openings available,10,16-May
Reardan-Edwall School District,Number of child care openings available,10,23-May
Renton School District,Number of child care openings available,180,28-Mar
Renton School District,Number of child care openings available,120,4-Apr
Renton School District,Number of child care openings available,120,11-Apr
Renton School District,Number of child care openings available,120,18-Apr
Renton School District,Number of child care openings available,120,25-Apr
Renton School District,Number of child care openings available,120,2-May
Renton School District,Number of child care openings available,120,9-May
Renton School District,Number of child care openings available,120,16-May
Renton School District,Number of child care openings available,120,23-May
Republic School District,Number of child care openings available,12,28-Mar
Republic School District,Number of child care openings available,180,4-Apr
Republic School District,Number of child care openings available,12,11-Apr
Republic School District,Number of child care openings available,12,18-Apr
Republic School District,Number of child care openings available,12,25-Apr
Republic School District,Number of child care openings available,12,9-May
Republic School District,Number of child care openings available,12,23-May
Richland School District,Number of child care openings available,100,28-Mar
Richland School District,Number of child care openings available,100,4-Apr
Richland School District,Number of child care openings available,100,11-Apr
Richland School District,Number of child care openings available,100,18-Apr
Richland School District,Number of child care openings available,100,25-Apr
Richland School District,Number of child care openings available,100,2-May
Richland School District,Number of child care openings available,100,9-May
Richland School District,Number of child care openings available,100,16-May
Richland School District,Number of child care openings available,100,23-May
Ridgefield School District,Number of child care openings available,7,4-Apr
Ridgefield School District,Number of child care openings available,10,11-Apr
Ridgefield School District,Number of child care openings available,10,18-Apr
Ridgefield School District,Number of child care openings available,10,25-Apr
Ridgefield School District,Number of child care openings available,10,2-May
Ridgefield School District,Number of child care openings available,10,9-May
Ridgefield School District,Number of child care openings available,10,16-May
Ridgefield School District,Number of child care openings available,10,23-May
Ritzville School District,Number of child care openings available,10,28-Mar
Ritzville School District,Number of child care openings available,10,11-Apr
Riverside School District,Number of child care openings available,25,28-Mar
Riverside School District,Number of child care openings available,25,4-Apr
Riverside School District,Number of child care openings available,25,11-Apr
Riverside School District,Number of child care openings available,25,18-Apr
Riverside School District,Number of child care openings available,25,25-Apr
Riverside School District,Number of child care openings available,25,2-May
Riverside School District,Number of child care openings available,25,9-May
Riverside School District,Number of child care openings available,25,16-May
Riverside School District,Number of child care openings available,25,23-May
Riverview School District,Number of child care openings available,27,28-Mar
Riverview School District,Number of child care openings available,40,4-Apr
Riverview School District,Number of child care openings available,27,18-Apr
Riverview School District,Number of child care openings available,27,25-Apr
Riverview School District,Number of child care openings available,21,2-May
Riverview School District,Number of child care openings available,21,9-May
Riverview School District,Number of child care openings available,23,23-May
Roosevelt School District,Number of child care openings available,27,11-Apr
Seattle Public Schools,Number of child care openings available,62,11-Apr
Sedro-Woolley School District,Number of child care openings available,32,28-Mar
Sedro-Woolley School District,Number of child care openings available,32,4-Apr
Sedro-Woolley School District,Number of child care openings available,32,18-Apr
Sedro-Woolley School District,Number of child care openings available,27,25-Apr
Sedro-Woolley School District,Number of child care openings available,32,2-May
Sedro-Woolley School District,Number of child care openings available,32,9-May
Sedro-Woolley School District,Number of child care openings available,32,16-May
Sedro-Woolley School District,Number of child care openings available,32,23-May
Selah School District,Number of child care openings available,40,11-Apr
Selah School District,Number of child care openings available,40,18-Apr
Selah School District,Number of child care openings available,40,25-Apr
Selah School District,Number of child care openings available,40,2-May
Selah School District,Number of child care openings available,40,9-May
Selah School District,Number of child care openings available,40,16-May
Selah School District,Number of child care openings available,40,23-May
Shelton School District,Number of child care openings available,30,28-Mar
Shelton School District,Number of child care openings available,14,4-Apr
Shelton School District,Number of child care openings available,11,11-Apr
Shelton School District,Number of child care openings available,30,18-Apr
Shelton School District,Number of child care openings available,30,25-Apr
Shelton School District,Number of child care openings available,30,2-May
Shelton School District,Number of child care openings available,30,9-May
Shelton School District,Number of child care openings available,30,16-May
Shelton School District,Number of child care openings available,30,23-May
Skamania School District,Number of child care openings available,8,28-Mar
Skamania School District,Number of child care openings available,8,4-Apr
Skamania School District,Number of child care openings available,8,11-Apr
Skamania School District,Number of child care openings available,8,18-Apr
Skamania School District,Number of child care openings available,8,25-Apr
Skamania School District,Number of child care openings available,8,2-May
Skamania School District,Number of child care openings available,8,9-May
Skamania School District,Number of child care openings available,8,16-May
Skamania School District,Number of child care openings available,8,23-May
Snohomish School District,Number of child care openings available,50,18-Apr
Snohomish School District,Number of child care openings available,50,25-Apr
Snohomish School District,Number of child care openings available,50,2-May
Snohomish School District,Number of child care openings available,50,9-May
Snohomish School District,Number of child care openings available,50,16-May
Snohomish School District,Number of child care openings available,50,23-May
Snoqualmie Valley School District,Number of child care openings available,65,28-Mar
Snoqualmie Valley School District,Number of child care openings available,65,4-Apr
Snoqualmie Valley School District,Number of child care openings available,57,11-Apr
Snoqualmie Valley School District,Number of child care openings available,57,18-Apr
Snoqualmie Valley School District,Number of child care openings available,57,25-Apr
Snoqualmie Valley School District,Number of child care openings available,57,2-May
Snoqualmie Valley School District,Number of child care openings available,57,16-May
Snoqualmie Valley School District,Number of child care openings available,57,23-May
South Bend School District,Number of child care openings available,12,28-Mar
South Bend School District,Number of child care openings available,6,4-Apr
South Bend School District,Number of child care openings available,6,11-Apr
South Bend School District,Number of child care openings available,6,25-Apr
South Bend School District,Number of child care openings available,6,2-May
South Bend School District,Number of child care openings available,6,9-May
South Bend School District,Number of child care openings available,6,16-May
South Bend School District,Number of child care openings available,6,23-May
South Kitsap School District,Number of child care openings available,150,28-Mar
South Kitsap School District,Number of child care openings available,60,4-Apr
Spokane International Academy,Number of child care openings available,25,28-Mar
Spokane International Academy,Number of child care openings available,25,4-Apr
Spokane International Academy,Number of child care openings available,25,11-Apr
Spokane International Academy,Number of child care openings available,25,18-Apr
Spokane International Academy,Number of child care openings available,25,25-Apr
Spokane International Academy,Number of child care openings available,25,2-May
Spokane International Academy,Number of child care openings available,25,9-May
Spokane International Academy,Number of child care openings available,25,16-May
Spokane International Academy,Number of child care openings available,25,23-May
Spokane School District,Number of child care openings available,75,28-Mar
Spokane School District,Number of child care openings available,75,4-Apr
Spokane School District,Number of child care openings available,50,11-Apr
Spokane School District,Number of child care openings available,75,18-Apr
Spokane School District,Number of child care openings available,75,25-Apr
Spokane School District,Number of child care openings available,75,2-May
Spokane School District,Number of child care openings available,75,9-May
Sprague School District,Number of child care openings available,5,4-Apr
Sprague School District,Number of child care openings available,3,11-Apr
Sprague School District,Number of child care openings available,3,18-Apr
Sprague School District,Number of child care openings available,3,25-Apr
Sprague School District,Number of child care openings available,3,9-May
Sprague School District,Number of child care openings available,75,16-May
St. John School District,Number of child care openings available,3,23-May
Stanwood-Camano School District,Number of child care openings available,21,28-Mar
Stanwood-Camano School District,Number of child care openings available,3,2-May
Steilacoom Hist. School District,Number of child care openings available,36,28-Mar
Steilacoom Hist. School District,Number of child care openings available,30,4-Apr
Steilacoom Hist. School District,Number of child care openings available,30,11-Apr
Steilacoom Hist. School District,Number of child care openings available,30,18-Apr
Steilacoom Hist. School District,Number of child care openings available,30,25-Apr
Steilacoom Hist. School District,Number of child care openings available,30,2-May
Steilacoom Hist. School District,Number of child care openings available,30,9-May
Steilacoom Hist. School District,Number of child care openings available,30,16-May
Steilacoom Hist. School District,Number of child care openings available,30,23-May
Sultan School District,Number of child care openings available,10,2-May
Sumner School District,Number of child care openings available,54,28-Mar
Sumner School District,Number of child care openings available,54,4-Apr
Sumner School District,Number of child care openings available,54,11-Apr
Sumner School District,Number of child care openings available,54,18-Apr
Sumner School District,Number of child care openings available,54,25-Apr
Sumner School District,Number of child care openings available,54,2-May
Sumner School District,Number of child care openings available,54,9-May
Sumner School District,Number of child care openings available,54,16-May
Sumner School District,Number of child care openings available,54,23-May
Tacoma School District,Number of child care openings available,200,4-Apr
Tacoma School District,Number of child care openings available,120,11-Apr
Tacoma School District,Number of child care openings available,120,18-Apr
Tacoma School District,Number of child care openings available,120,25-Apr
Tacoma School District,Number of child care openings available,120,2-May
Tacoma School District,Number of child care openings available,120,9-May
Tacoma School District,Number of child care openings available,120,16-May
Tahoma School District,Number of child care openings available,40,11-Apr
Tahoma School District,Number of child care openings available,40,25-Apr
Tahoma School District,Number of child care openings available,40,2-May
Tahoma School District,Number of child care openings available,40,9-May
Tahoma School District,Number of child care openings available,40,16-May
Tahoma School District,Number of child care openings available,40,23-May
Thorp School District,Number of child care openings available,2,18-Apr
Thorp School District,Number of child care openings available,2,2-May
Thorp School District,Number of child care openings available,2,9-May
Thorp School District,Number of child care openings available,2,23-May
Tonasket School District,Number of child care openings available,18,28-Mar
Tonasket School District,Number of child care openings available,18,4-Apr
Tonasket School District,Number of child care openings available,9,11-Apr
Tonasket School District,Number of child care openings available,18,18-Apr
Tonasket School District,Number of child care openings available,9,25-Apr
Tonasket School District,Number of child care openings available,8,9-May
Tonasket School District,Number of child care openings available,8,16-May
Tonasket School District,Number of child care openings available,9,23-May
Toppenish School District,Number of child care openings available,0,11-Apr
Tukwila School District,Number of child care openings available,20,4-Apr
Tukwila School District,Number of child care openings available,20,11-Apr
Tukwila School District,Number of child care openings available,20,18-Apr
Tukwila School District,Number of child care openings available,20,25-Apr
Tukwila School District,Number of child care openings available,20,2-May
Tukwila School District,Number of child care openings available,20,9-May
Tukwila School District,Number of child care openings available,20,16-May
Tukwila School District,Number of child care openings available,20,23-May
Tumwater School District,Number of child care openings available,120,28-Mar
Union Gap School District,Number of child care openings available,8,18-Apr
Union Gap School District,Number of child care openings available,8,25-Apr
Union Gap School District,Number of child care openings available,8,2-May
Union Gap School District,Number of child care openings available,8,9-May
Union Gap School District,Number of child care openings available,8,16-May
Union Gap School District,Number of child care openings available,8,23-May
Valley School District,Number of child care openings available,4,28-Mar
Valley School District,Number of child care openings available,5,4-Apr
Valley School District,Number of child care openings available,0,11-Apr
Valley School District,Number of child care openings available,4,18-Apr
Valley School District,Number of child care openings available,0,25-Apr
Valley School District,Number of child care openings available,0,2-May
Valley School District,Number of child care openings available,0,9-May
Valley School District,Number of child care openings available,0,16-May
Valley School District,Number of child care openings available,0,23-May
Vancouver School District,Number of child care openings available,18,28-Mar
Vancouver School District,Number of child care openings available,118,4-Apr
Vancouver School District,Number of child care openings available,54,11-Apr
Vancouver School District,Number of child care openings available,54,18-Apr
Vancouver School District,Number of child care openings available,54,25-Apr
Vancouver School District,Number of child care openings available,54,2-May
Vancouver School District,Number of child care openings available,54,9-May
Vancouver School District,Number of child care openings available,54,16-May
Vancouver School District,Number of child care openings available,54,23-May
Vashon Island School District,Number of child care openings available,18,4-Apr
Vashon Island School District,Number of child care openings available,18,11-Apr
Vashon Island School District,Number of child care openings available,18,18-Apr
Vashon Island School District,Number of child care openings available,18,25-Apr
Vashon Island School District,Number of child care openings available,18,2-May
Vashon Island School District,Number of child care openings available,18,9-May
Vashon Island School District,Number of child care openings available,18,16-May
Vashon Island School District,Number of child care openings available,20,23-May
WallaWalla Public Schools,Number of child care openings available,140,28-Mar
WallaWalla Public Schools,Number of child care openings available,30,4-Apr
WallaWalla Public Schools,Number of child care openings available,0,11-Apr
WallaWalla Public Schools,Number of child care openings available,90,18-Apr
WallaWalla Public Schools,Number of child care openings available,90,25-Apr
WallaWalla Public Schools,Number of child care openings available,90,2-May
WallaWalla Public Schools,Number of child care openings available,90,9-May
WallaWalla Public Schools,Number of child care openings available,90,16-May
WallaWalla Public Schools,Number of child care openings available,90,23-May
Warden School District,Number of child care openings available,25,28-Mar
Warden School District,Number of child care openings available,25,4-Apr
Warden School District,Number of child care openings available,25,11-Apr
Warden School District,Number of child care openings available,25,18-Apr
Warden School District,Number of child care openings available,25,25-Apr
Warden School District,Number of child care openings available,25,2-May
Warden School District,Number of child care openings available,25,9-May
Warden School District,Number of child care openings available,25,16-May
Warden School District,Number of child care openings available,25,23-May
Washougal School District,Number of child care openings available,20,28-Mar
Washougal School District,Number of child care openings available,0,4-Apr
Washougal School District,Number of child care openings available,8,11-Apr
Washougal School District,Number of child care openings available,8,18-Apr
Washougal School District,Number of child care openings available,9,2-May
Washougal School District,Number of child care openings available,8,16-May
Washtucna School District,Number of child care openings available,5,28-Mar
Washtucna School District,Number of child care openings available,5,4-Apr
Washtucna School District,Number of child care openings available,5,11-Apr
Washtucna School District,Number of child care openings available,5,18-Apr
Washtucna School District,Number of child care openings available,0,25-Apr
Washtucna School District,Number of child care openings available,5,2-May
Washtucna School District,Number of child care openings available,5,9-May
Washtucna School District,Number of child care openings available,5,16-May
Washtucna School District,Number of child care openings available,5,23-May
Wenatchee School District,Number of child care openings available,60,28-Mar
Wenatchee School District,Number of child care openings available,30,4-Apr
Wenatchee School District,Number of child care openings available,30,11-Apr
Wenatchee School District,Number of child care openings available,30,18-Apr
Wenatchee School District,Number of child care openings available,30,25-Apr
Wenatchee School District,Number of child care openings available,30,2-May
Wenatchee School District,Number of child care openings available,30,9-May
Wenatchee School District,Number of child care openings available,30,16-May
Wenatchee School District,Number of child care openings available,30,23-May
West Valley School District (Spoka..,Number of child care openings available,1,28-Mar
West Valley School District (Spoka..,Number of child care openings available,12,4-Apr
West Valley School District (Spoka..,Number of child care openings available,16,11-Apr
West Valley School District (Spoka..,Number of child care openings available,24,18-Apr
West Valley School District (Spoka..,Number of child care openings available,24,25-Apr
West Valley School District (Spoka..,Number of child care openings available,24,2-May
West Valley School District (Spoka..,Number of child care openings available,16,9-May
West Valley School District (Spoka..,Number of child care openings available,16,16-May
West Valley School District (Spoka..,Number of child care openings available,24,23-May
White Pass School District,Number of child care openings available,10,4-Apr
White Pass School District,Number of child care openings available,15,18-Apr
White Pass School District,Number of child care openings available,10,9-May
White Pass School District,Number of child care openings available,10,16-May
White Pass School District,Number of child care openings available,10,23-May
White River School District,Number of child care openings available,40,28-Mar
White River School District,Number of child care openings available,30,4-Apr
White River School District,Number of child care openings available,24,11-Apr
White River School District,Number of child care openings available,24,18-Apr
White River School District,Number of child care openings available,24,25-Apr
White River School District,Number of child care openings available,24,2-May
White River School District,Number of child care openings available,24,9-May
White River School District,Number of child care openings available,36,16-May
White River School District,Number of child care openings available,36,23-May
Yakima School District,Number of child care openings available,20,28-Mar
Yelm School District,Number of child care openings available,40,28-Mar
Yelm School District,Number of child care openings available,1,4-Apr
Yelm School District,Number of child care openings available,40,11-Apr
Yelm School District,Number of child care openings available,40,18-Apr
Yelm School District,Number of child care openings available,40,25-Apr
Yelm School District,Number of child care openings available,40,2-May
Yelm School District,Number of child care openings available,40,9-May
Yelm School District,Number of child care openings available,40,16-May
Yelm School District,Number of child care openings available,40,23-May
